--
-- PostgreSQL database dump
--


--
-- Data for Name: companies; Type: TABLE DATA; Schema: public; Owner: postgres
--
INSERT INTO companies 
VALUES 
  (
    'e3129323-e2db-472f-96c1-15d28dc8a048', 
    'Serengeti Energy', 'https://serengeti-energy.com/', 
    'https://serengeti-energy.com/wp-content/uploads/2022/02/serengeti-energy-logo.svg', 
    'Serengeti Energy develops, finances, builds, and operates small to medium-sized renewable energy projects (Hydro, Wind, Solar) across Sub-Saharan Africa.', 
    '2013-01-01', 'KE', NULL, NULL, '{financing}', 
    '11-50', true, 'pe_backed', NULL, 
    'https://www.linkedin.com/company/serengeti-energy/', 
    NULL, NULL, NULL, NULL, '2025-07-25 16:33:09.635223+00', 
    '2025-07-25 16:33:09.635223+00'
  );
INSERT INTO companies 
VALUES 
  (
    '7c069843-15ec-46a9-b12a-8fa6ab9adde3', 
    'Mulilo', 'https://www.mulilo.com/', 
    'https://www.mulilo.com/wp-content/uploads/2021/08/Mulilo-logo-new.png', 
    'Mulilo is a South African renewable energy developer and strategic equity investor focused on wind, solar, and battery storage projects.', 
    '2008-01-01', 'ZA', NULL, NULL, '{merger_acquisition}', 
    '51-250', true, 'private', NULL, 'https://www.linkedin.com/company/mulilo-renewables/', 
    NULL, NULL, NULL, NULL, '2025-07-25 16:33:09.635223+00', 
    '2025-07-25 16:33:09.635223+00'
  );
INSERT INTO companies 
VALUES 
  (
    '5fc71a69-a745-44ca-b826-2e643a45edd5', 
    'Sturdee Energy', 'https://sturdee-energy.com/', 
    'https://sturdee-energy.com/wp-content/uploads/2021/03/sturdee-logo-2.png', 
    'Sturdee Energy is an independent power producer focused on developing, owning, and operating renewable energy projects in Sub-Saharan Africa.', 
    '2016-01-01', NULL, NULL, NULL, '{financing,merger_acquisition}', 
    '11-50', true, 'private', NULL, 'https://www.linkedin.com/company/sturdee-energy/', 
    NULL, NULL, NULL, NULL, '2025-07-25 16:33:09.635223+00', 
    '2025-07-25 16:33:09.635223+00'
  );
INSERT INTO companies 
VALUES 
  (
    'fb8184ad-3e37-4a11-8545-7ea1b3798375', 
    'Red Rocket', 'https://redrocket.energy/', 
    'https://redrocket.energy/wp-content/uploads/2022/05/red-rocket-logo-col-pos.svg', 
    'Red Rocket is a vertically integrated IPP that develops, finances, constructs, and operates renewable energy projects across Africa.', 
    '2012-01-01', 'ZA', NULL, NULL, '{offtaker}', 
    '51-250', true, 'independent_power_producer', 
    NULL, 'https://www.linkedin.com/company/red-rocket-sa/', 
    NULL, NULL, NULL, NULL, '2025-07-25 16:33:09.635223+00', 
    '2025-07-25 16:33:09.635223+00'
  );
INSERT INTO companies 
VALUES 
  (
    'ad7e8dce-428d-4d15-b14f-f55f95a30c51', 
    'SolarCentury Africa', 'https://solarcenturyafrica.com/', 
    'https://solarcenturyafrica.com/wp-content/uploads/2022/02/sca-logo-1.svg', 
    'Solarcentury Africa is a market leader in the development of solar PV and storage projects, being part of the BB Energy Group.', 
    '2021-01-01', NULL, NULL, NULL, NULL, 
    '11-50', true, 'independent_power_producer', 
    NULL, 'https://www.linkedin.com/company/solarcentury-africa/', 
    NULL, NULL, NULL, NULL, '2025-07-25 16:33:09.635223+00', 
    '2025-07-25 16:33:09.635223+00'
  );
INSERT INTO companies 
VALUES 
  (
    '2ae5e436-3bd9-4c38-8c90-8369c416c7e7', 
    'Sun King', 'https://sunking.com/', 
    'https://sunking.com/wp-content/uploads/2022/04/logo-sunking.svg', 
    'Sun King is a clean energy company that designs, distributes and finances solar home energy solutions to households and businesses.', 
    '2007-01-01', 'KE', NULL, NULL, '{financing}', 
    '1001-5000', true, 'private_equity', 
    NULL, 'https://www.linkedin.com/company/sunking/', 
    NULL, NULL, NULL, NULL, '2025-07-25 16:33:09.635223+00', 
    '2025-07-25 16:33:09.635223+00'
  );
INSERT INTO companies 
VALUES 
  (
    '2ff5acf5-91fe-4b49-b3d7-7463b7c6f8cb', 
    'MTN Group', 'https://www.mtn.com/', 
    NULL, NULL, NULL, 'ZA', NULL, NULL, 
    '{merger_acquisition}', NULL, true, 
    'public', NULL, 'https://www.linkedin.com/company/mtn/', 
    NULL, NULL, NULL, NULL, '2025-07-25 16:33:09.635223+00', 
    '2025-07-25 16:33:09.635223+00'
  );
INSERT INTO companies 
VALUES 
  (
    '704089c6-53c6-4c2c-94e5-c04a26d2e33f', 
    'STANLIB', 'https://www.stanlib.com/', 
    NULL, NULL, NULL, 'ZA', NULL, NULL, 
    '{merger_acquisition}', NULL, true, 
    'advisor', NULL, 'https://www.linkedin.com/company/stanlib/', 
    NULL, NULL, NULL, NULL, '2025-07-25 16:33:09.635223+00', 
    '2025-07-25 16:33:09.635223+00'
  );
INSERT INTO companies 
VALUES 
  (
    '7a473678-2ef6-433a-a416-749a4b008ae0', 
    'Old Mutual Investment Group Namibia (OMIGNAM)', 
    'https://www.oldmutual.com.na/personal/solutions/investments/', 
    NULL, NULL, NULL, 'NA', NULL, NULL, 
    '{merger_acquisition}', NULL, true, 
    'private_equity', NULL, 'https://www.linkedin.com/company/old-mutual-namibia/', 
    NULL, NULL, NULL, NULL, '2025-07-25 16:33:09.635223+00', 
    '2025-07-25 16:33:09.635223+00'
  );
INSERT INTO companies 
VALUES 
  (
    'cd7776e1-c31d-44e1-b017-2f56e773dd9c', 
    'IJG', 'https://www.ijg.net/', NULL, 
    NULL, NULL, 'NA', NULL, NULL, '{merger_acquisition}', 
    NULL, true, 'advisor', NULL, 'https://www.linkedin.com/company/ijg-securities/', 
    NULL, NULL, NULL, NULL, '2025-07-25 16:33:09.635223+00', 
    '2025-07-25 16:33:09.635223+00'
  );
INSERT INTO companies 
VALUES 
  (
    'dd85c116-b5dd-487c-91ac-d3d8116fbd2a', 
    'Frans Indongo Group', 'https://fig.com.na/', 
    NULL, NULL, NULL, 'NA', NULL, NULL, 
    '{merger_acquisition}', NULL, true, 
    'private', NULL, 'https://www.linkedin.com/company/frans-indongo-group/', 
    NULL, NULL, NULL, NULL, '2025-07-25 16:33:09.635223+00', 
    '2025-07-25 16:33:09.635223+00'
  );
INSERT INTO companies 
VALUES 
  (
    '8226071f-8a05-4060-b0aa-0b18fa47ec39', 
    'TotalEnergies', 'https://totalenergies.com/', 
    NULL, NULL, NULL, NULL, NULL, NULL, 
    '{merger_acquisition}', NULL, true, 
    'public', NULL, 'https://www.linkedin.com/company/totalenergies/', 
    NULL, NULL, NULL, NULL, '2025-07-25 16:33:09.635223+00', 
    '2025-07-25 16:33:09.635223+00'
  );
INSERT INTO companies 
VALUES 
  (
    '2978f9c7-12a3-4bcb-a9ab-aec9550fc145', 
    'QatarEnergy', 'https://www.qatarenergy.qa/', 
    NULL, NULL, NULL, NULL, NULL, NULL, 
    '{merger_acquisition}', NULL, true, 
    'government', NULL, 'https://www.linkedin.com/company/qatarenergy/', 
    NULL, NULL, NULL, NULL, '2025-07-25 16:33:09.635223+00', 
    '2025-07-25 16:33:09.635223+00'
  );
INSERT INTO companies 
VALUES 
  (
    '0c57b728-1ebf-47dd-878a-213eb083f4d0', 
    'Africa Oil Corp', 'https://www.africaoilcorp.com/', 
    NULL, NULL, NULL, NULL, NULL, NULL, 
    '{merger_acquisition}', NULL, true, 
    'public', NULL, 'https://www.linkedin.com/company/africa-oil-corp/', 
    NULL, NULL, NULL, NULL, '2025-07-25 16:33:09.635223+00', 
    '2025-07-25 16:33:09.635223+00'
  );
INSERT INTO companies 
VALUES 
  (
    'a98ff530-385a-433f-90c4-0bd4d87a6344', 
    'Hyphen Hydrogen Energy', 'https://hyphenafrica.com/', 
    NULL, NULL, NULL, 'NA', NULL, NULL, 
    '{financing}', NULL, true, 'private', 
    NULL, 'https://www.linkedin.com/company/hyphen-hydrogen-energy/', 
    NULL, NULL, NULL, NULL, '2025-07-25 16:33:09.635223+00', 
    '2025-07-25 16:33:09.635223+00'
  );
INSERT INTO companies 
VALUES 
  (
    'd90fcac5-5eac-4ef4-906d-cb7151562af1', 
    'Copper 360', 'https://copper360.co.za/', 
    NULL, NULL, NULL, 'ZA', NULL, NULL, 
    '{merger_acquisition}', NULL, true, 
    'public', NULL, 'https://www.linkedin.com/company/copper-360/', 
    NULL, NULL, NULL, NULL, '2025-07-25 16:33:09.635223+00', 
    '2025-07-25 16:33:09.635223+00'
  );
INSERT INTO companies 
VALUES 
  (
    '110f6ca8-1e51-40a2-a5cd-0ff7beb30502', 
    'Ignite Power', 'https://www.ignite.solar/', 
    NULL, NULL, NULL, NULL, NULL, NULL, 
    '{merger_acquisition}', NULL, true, 
    'private', NULL, 'https://www.linkedin.com/company/ignitepower/', 
    NULL, NULL, NULL, NULL, '2025-07-25 16:33:09.635223+00', 
    '2025-07-25 16:33:09.635223+00'
  );
INSERT INTO companies 
VALUES 
  (
    '9218b853-3a84-4670-a093-065da5b800b5', 
    'ENGIE Energy Access', 'https://engie-energyaccess.com/', 
    NULL, NULL, NULL, NULL, NULL, NULL, 
    '{merger_acquisition}', NULL, true, 
    'utility', NULL, 'https://www.linkedin.com/company/engieenergyaccess/', 
    NULL, NULL, NULL, NULL, '2025-07-25 16:33:09.635223+00', 
    '2025-07-25 16:33:09.635223+00'
  );
INSERT INTO companies 
VALUES 
  (
    'b62689fe-b458-4f7c-bb36-9fea6ae08e1a', 
    'Cox Energy', 'https://www.coxenergy.com/', 
    NULL, NULL, NULL, NULL, NULL, NULL, 
    '{merger_acquisition}', NULL, true, 
    'public', NULL, 'https://www.linkedin.com/company/coxenergy/', 
    NULL, NULL, NULL, NULL, '2025-07-25 16:33:09.635223+00', 
    '2025-07-25 16:33:09.635223+00'
  );
INSERT INTO companies 
VALUES 
  (
    '2c1236c1-c23c-40e3-9fb7-ca0322c28f3b', 
    'Abengoa', 'https://www.abengoa.com/', 
    NULL, NULL, NULL, NULL, NULL, NULL, 
    '{merger_acquisition}', NULL, true, 
    'public', NULL, 'https://www.linkedin.com/company/abengoa/', 
    NULL, NULL, NULL, NULL, '2025-07-25 16:33:09.635223+00', 
    '2025-07-25 16:33:09.635223+00'
  );
INSERT INTO companies 
VALUES 
  (
    '482748a8-7e40-4206-ab17-ea384b17c2b1', 
    'United Energy Group', 'https://www.uegl.com.hk/', 
    NULL, NULL, NULL, NULL, NULL, NULL, 
    '{merger_acquisition}', NULL, true, 
    'public', NULL, 'https://www.linkedin.com/company/united-energy-group-ltd/', 
    NULL, NULL, NULL, NULL, '2025-07-25 16:33:09.635223+00', 
    '2025-07-25 16:33:09.635223+00'
  );
INSERT INTO companies 
VALUES 
  (
    '7ef8254e-fc7f-4aa9-b27f-ede62bad527e', 
    'Bluewater Energy', 'https://www.bluewater.energy/', 
    NULL, NULL, NULL, NULL, NULL, NULL, 
    '{merger_acquisition}', NULL, true, 
    'private_equity', NULL, 'https://www.linkedin.com/company/bluewater-energy-llp/', 
    NULL, NULL, NULL, NULL, '2025-07-25 16:33:09.635223+00', 
    '2025-07-25 16:33:09.635223+00'
  );
INSERT INTO companies 
VALUES 
  (
    '422536be-b2dc-4abc-88bb-4e14b2809a6b', 
    'Taranis Investments', NULL, NULL, 
    NULL, NULL, NULL, NULL, NULL, '{merger_acquisition}', 
    NULL, true, 'private_equity', NULL, 
    NULL, NULL, NULL, NULL, NULL, '2025-07-25 16:33:09.635223+00', 
    '2025-07-25 16:33:09.635223+00'
  );
INSERT INTO companies 
VALUES 
  (
    'bd08181c-f031-4b2f-a2f8-668a66211f6e', 
    'Akuo Group', 'https://www.akuoenergy.com/', 
    NULL, NULL, NULL, NULL, NULL, NULL, 
    '{merger_acquisition}', NULL, true, 
    'independent_power_producer', NULL, 
    'https://www.linkedin.com/company/akuo_energy/', 
    NULL, NULL, NULL, NULL, '2025-07-25 16:33:09.635223+00', 
    '2025-07-25 16:33:09.635223+00'
  );
INSERT INTO companies 
VALUES 
  (
    '0f06193b-0763-4bb5-a775-9d95c7af2982', 
    'InfraCo Africa Ltd', 'https://infracoafrica.com/', 
    NULL, NULL, NULL, NULL, NULL, NULL, 
    '{merger_acquisition}', NULL, true, 
    'development_finance_institution', 
    NULL, 'https://www.linkedin.com/company/infraco-africa/', 
    NULL, NULL, NULL, NULL, '2025-07-25 16:33:09.635223+00', 
    '2025-07-25 16:33:09.635223+00'
  );
INSERT INTO companies 
VALUES 
  (
    '31bd1877-df25-434c-8ef2-18991fe9a2b8', 
    'BlackRock', 'https://www.blackrock.com/', 
    NULL, NULL, NULL, NULL, NULL, NULL, 
    '{merger_acquisition}', NULL, true, 
    'private_equity', NULL, 'https://www.linkedin.com/company/blackrock/', 
    NULL, NULL, NULL, NULL, '2025-07-25 16:33:09.635223+00', 
    '2025-07-25 16:33:09.635223+00'
  );
INSERT INTO companies 
VALUES 
  (
    '42c7b34c-2103-4749-9445-79a3fb24dc85', 
    'IFU', 'https://www.ifu.dk/en/', 
    NULL, NULL, NULL, NULL, NULL, NULL, 
    '{merger_acquisition}', NULL, true, 
    'development_finance_institution', 
    NULL, 'https://www.linkedin.com/company/ifu---investment-fund-for-developing-countries/', 
    NULL, NULL, NULL, NULL, '2025-07-25 16:33:09.635223+00', 
    '2025-07-25 16:33:09.635223+00'
  );
INSERT INTO companies 
VALUES 
  (
    '5ecbd484-1464-4231-a3eb-9551b387f1d2', 
    'Vestas', 'https://www.vestas.com/', 
    NULL, NULL, NULL, NULL, NULL, NULL, 
    '{merger_acquisition}', NULL, true, 
    'public', NULL, 'https://www.linkedin.com/company/vestas/', 
    NULL, NULL, NULL, NULL, '2025-07-25 16:33:09.635223+00', 
    '2025-07-25 16:33:09.635223+00'
  );
INSERT INTO companies 
VALUES 
  (
    '956f9f0b-22ea-420a-af95-0c7ef1150990', 
    'Appian Capital Advisory', 'https://appiancapitaladvisory.com/', 
    NULL, NULL, NULL, NULL, NULL, NULL, 
    '{merger_acquisition}', NULL, true, 
    'private_equity', NULL, 'https://www.linkedin.com/company/appian-capital-advisory-llp/', 
    NULL, NULL, NULL, NULL, '2025-07-25 16:33:09.635223+00', 
    '2025-07-25 16:33:09.635223+00'
  );
INSERT INTO companies 
VALUES 
  (
    '8ef526b3-9381-434f-b8c1-8220d7562463', 
    'Emesco Energy', 'https://www.emescoenergy.com/', 
    NULL, NULL, NULL, 'NA', NULL, NULL, 
    '{merger_acquisition}', NULL, true, 
    'private', NULL, NULL, NULL, NULL, 
    NULL, NULL, '2025-07-25 16:33:09.635223+00', 
    '2025-07-25 16:33:09.635223+00'
  );
INSERT INTO companies 
VALUES 
  (
    '69fac389-0a13-4ba5-911b-49a7ff5f3d3d', 
    'Norfund', 'https://www.norfund.no/', 
    NULL, NULL, NULL, NULL, NULL, NULL, 
    '{financing,merger_acquisition}', 
    NULL, true, 'development_finance_institution', 
    NULL, 'https://www.linkedin.com/company/norfund/', 
    NULL, NULL, NULL, NULL, '2025-07-25 16:33:09.635223+00', 
    '2025-07-25 16:33:09.635223+00'
  );
INSERT INTO companies 
VALUES 
  (
    '0fb66bf9-9644-46a5-868e-8bdf3e5b1468', 
    'Pele Green Energy', 'https://www.pelegreenenergy.com/', 
    NULL, NULL, NULL, 'ZA', NULL, NULL, 
    '{merger_acquisition}', NULL, true, 
    'independent_power_producer', NULL, 
    'https://www.linkedin.com/company/pele-green-energy/', 
    NULL, NULL, NULL, NULL, '2025-07-25 16:33:09.635223+00', 
    '2025-07-25 16:33:09.635223+00'
  );
INSERT INTO companies 
VALUES 
  (
    '5f58a475-e77b-4fcd-9ce0-e116f9eef88b', 
    'Gabon Oil Company (GOC)', 'https://www.goc.ga/', 
    NULL, NULL, NULL, 'GA', NULL, NULL, 
    '{merger_acquisition}', NULL, true, 
    'government', NULL, NULL, NULL, NULL, 
    NULL, NULL, '2025-07-25 16:33:09.635223+00', 
    '2025-07-25 16:33:09.635223+00'
  );
INSERT INTO companies 
VALUES 
  (
    '08b91ddf-45c3-4da1-a226-7d84e1cc7370', 
    'Assala Energy', 'https://www.assalaenergy.com/', 
    NULL, NULL, NULL, NULL, NULL, NULL, 
    '{merger_acquisition}', NULL, true, 
    'private', NULL, 'https://www.linkedin.com/company/assala-energy/', 
    NULL, NULL, NULL, NULL, '2025-07-25 16:33:09.635223+00', 
    '2025-07-25 16:33:09.635223+00'
  );
INSERT INTO companies 
VALUES 
  (
    'ca9d5210-c97e-4fb4-9619-dac24bd0cea4', 
    'Vitol', 'https://www.vitol.com/', 
    NULL, NULL, NULL, NULL, NULL, NULL, 
    '{merger_acquisition}', NULL, true, 
    'private', NULL, 'https://www.linkedin.com/company/vitol/', 
    NULL, NULL, NULL, NULL, '2025-07-25 16:33:09.635223+00', 
    '2025-07-25 16:33:09.635223+00'
  );
INSERT INTO companies 
VALUES 
  (
    '3055bece-adf0-4c2a-95e1-a326abdfb5d1', 
    'ENI', 'https://www.eni.com/', NULL, 
    NULL, NULL, NULL, NULL, NULL, '{merger_acquisition}', 
    NULL, true, 'public', NULL, 'https://www.linkedin.com/company/eni/', 
    NULL, NULL, NULL, NULL, '2025-07-25 16:33:09.635223+00', 
    '2025-07-25 16:33:09.635223+00'
  );
INSERT INTO companies 
VALUES 
  (
    '08b16f42-a6ab-4e34-a382-e8ded88b8b64', 
    'Renaissance Africa Energy', 'https://www.renaissance.africa/', 
    NULL, NULL, NULL, 'NG', NULL, NULL, 
    '{merger_acquisition}', NULL, true, 
    'private', NULL, NULL, NULL, NULL, 
    NULL, NULL, '2025-07-25 16:33:09.635223+00', 
    '2025-07-25 16:33:09.635223+00'
  );
INSERT INTO companies 
VALUES 
  (
    '46b2a7ab-6869-444b-acdc-3ac7a7d483bf', 
    'Shell', 'https://www.shell.com/', 
    NULL, NULL, NULL, NULL, NULL, NULL, 
    '{merger_acquisition}', NULL, true, 
    'public', NULL, 'https://www.linkedin.com/company/shell/', 
    NULL, NULL, NULL, NULL, '2025-07-25 16:33:09.635223+00', 
    '2025-07-25 16:33:09.635223+00'
  );
INSERT INTO companies 
VALUES 
  (
    '193a707a-b6b1-4bc0-98ec-9fc6b4bb1cc1', 
    'Caledonia Mining Corporation Plc', 
    'https://www.caledoniamining.com/', 
    NULL, NULL, NULL, NULL, NULL, NULL, 
    '{merger_acquisition}', NULL, true, 
    'public', NULL, 'https://www.linkedin.com/company/caledonia-mining-corporation-plc/', 
    NULL, NULL, NULL, NULL, '2025-07-25 16:33:09.635223+00', 
    '2025-07-25 16:33:09.635223+00'
  );
INSERT INTO companies 
VALUES 
  (
    '1770b174-1d2b-45c2-a3d4-f0ab41181956', 
    'Gaia Renewables 1', NULL, NULL, 
    NULL, NULL, 'ZA', NULL, NULL, '{merger_acquisition}', 
    NULL, true, 'private_equity', NULL, 
    NULL, NULL, NULL, NULL, NULL, '2025-07-25 16:33:09.635223+00', 
    '2025-07-25 16:33:09.635223+00'
  );
INSERT INTO companies 
VALUES 
  (
    '73370aaf-37a3-4e2d-aa72-a1ddafd73445', 
    'IDEAS Renewable Energy Fund', 
    NULL, NULL, NULL, NULL, 'ZA', NULL, 
    NULL, '{merger_acquisition}', NULL, 
    true, 'private_equity', NULL, NULL, 
    NULL, NULL, NULL, NULL, '2025-07-25 16:33:09.635223+00', 
    '2025-07-25 16:33:09.635223+00'
  );
INSERT INTO companies 
VALUES 
  (
    'e7560867-5afe-444a-8803-de75a8fa6328', 
    'BioLite Inc.', 'https://www.bioliteenergy.com/', 
    NULL, NULL, NULL, NULL, NULL, NULL, 
    '{merger_acquisition}', NULL, true, 
    'private', NULL, 'https://www.linkedin.com/company/biolite/', 
    NULL, NULL, NULL, NULL, '2025-07-25 16:33:09.635223+00', 
    '2025-07-25 16:33:09.635223+00'
  );
INSERT INTO companies 
VALUES 
  (
    'a7734379-6569-4d39-a54a-0d4497ec9972', 
    'Baobab Group', 'https://baobabgroup.com/', 
    NULL, NULL, NULL, NULL, NULL, NULL, 
    '{merger_acquisition}', NULL, true, 
    'advisor', NULL, 'https://www.linkedin.com/company/baobab-group/', 
    NULL, NULL, NULL, NULL, '2025-07-25 16:33:09.635223+00', 
    '2025-07-25 16:33:09.635223+00'
  );
INSERT INTO companies 
VALUES 
  (
    '0574f202-2b4d-440a-9607-136397c12939', 
    'Solar Panda', 'https://solarpanda.com/', 
    NULL, NULL, NULL, NULL, NULL, NULL, 
    '{merger_acquisition}', NULL, true, 
    'private', NULL, 'https://www.linkedin.com/company/solarpanda/', 
    NULL, NULL, NULL, NULL, '2025-07-25 16:33:09.635223+00', 
    '2025-07-25 16:33:09.635223+00'
  );
INSERT INTO companies 
VALUES 
  (
    '63dcc739-0b2f-46f6-8160-9e504514e5c7', 
    'VITALITE Zambia', 'https://www.vitalitegroup.com/', 
    NULL, NULL, NULL, 'ZM', NULL, NULL, 
    '{merger_acquisition}', NULL, true, 
    'private', NULL, 'https://www.linkedin.com/company/vitalite-group/', 
    NULL, NULL, NULL, NULL, '2025-07-25 16:33:09.635223+00', 
    '2025-07-25 16:33:09.635223+00'
  );
INSERT INTO companies 
VALUES 
  (
    '1170d77b-b105-4e73-b165-5f36a74e6c22', 
    'EWIA Green Investments GmbH', 
    'https://www.ewiainvestments.com/', 
    NULL, NULL, NULL, NULL, NULL, NULL, 
    '{merger_acquisition}', NULL, true, 
    'private', NULL, 'https://www.linkedin.com/company/ewia-green-investments-gmbh/', 
    NULL, NULL, NULL, NULL, '2025-07-25 16:33:09.635223+00', 
    '2025-07-25 16:33:09.635223+00'
  );
INSERT INTO companies 
VALUES 
  (
    '4a473a78-f78d-43f0-8399-91e9c33011f5', 
    'SunErgy', 'https://sunergy.org/', 
    NULL, NULL, NULL, NULL, NULL, NULL, 
    '{merger_acquisition}', NULL, true, 
    'private', NULL, 'https://www.linkedin.com/company/sunergy-as/', 
    NULL, NULL, NULL, NULL, '2025-07-25 16:33:09.635223+00', 
    '2025-07-25 16:33:09.635223+00'
  );
INSERT INTO companies 
VALUES 
  (
    '0e3c7d1f-95da-411d-902e-c37fc044ad20', 
    'Octopus Energy', 'https://octopus.energy/', 
    NULL, NULL, NULL, NULL, NULL, NULL, 
    '{financing,merger_acquisition}', 
    NULL, true, 'private', NULL, 'https://www.linkedin.com/company/octopus-energy/', 
    NULL, NULL, NULL, NULL, '2025-07-25 16:33:09.635223+00', 
    '2025-07-25 16:33:09.635223+00'
  );
INSERT INTO companies 
VALUES 
  (
    '2773f5f3-7efa-4911-987a-12f916782214', 
    'Globeleq', 'https://www.globeleq.com/', 
    NULL, NULL, NULL, NULL, NULL, NULL, 
    '{merger_acquisition}', NULL, true, 
    'independent_power_producer', NULL, 
    'https://www.linkedin.com/company/globeleq/', 
    NULL, NULL, NULL, NULL, '2025-07-25 16:33:09.635223+00', 
    '2025-07-25 16:33:09.635223+00'
  );
INSERT INTO companies 
VALUES 
  (
    '52078d2e-c0de-4f02-bd6c-3ff7b2f6d7f8', 
    'Camco', 'https://www.camco.energy/', 
    NULL, NULL, NULL, NULL, NULL, NULL, 
    '{financing}', NULL, true, 'advisor', 
    NULL, 'https://www.linkedin.com/company/camco-clean-energy/', 
    NULL, NULL, NULL, NULL, '2025-07-25 16:33:09.635223+00', 
    '2025-07-25 16:33:09.635223+00'
  );
INSERT INTO companies 
VALUES 
  (
    'f5fa1286-6053-4966-8e03-e1011f57dc19', 
    'Husk Power Systems', 'https://huskpowersystems.com/', 
    NULL, NULL, NULL, NULL, NULL, NULL, 
    '{financing}', NULL, true, 'private', 
    NULL, 'https://www.linkedin.com/company/husk-power-systems/', 
    NULL, NULL, NULL, NULL, '2025-07-25 16:33:09.635223+00', 
    '2025-07-25 16:33:09.635223+00'
  );
INSERT INTO companies 
VALUES 
  (
    '22c59a5a-3b93-4c14-9a08-e3a165a67020', 
    'PowerGen Renewable Energy', 'https://www.powergen-renewable-energy.com/', 
    NULL, NULL, NULL, 'KE', NULL, NULL, 
    '{financing}', NULL, true, 'private', 
    NULL, 'https://www.linkedin.com/company/powergen-renewable-energy/', 
    NULL, NULL, NULL, NULL, '2025-07-25 16:33:09.635223+00', 
    '2025-07-25 16:33:09.635223+00'
  );
INSERT INTO companies 
VALUES 
  (
    'd0264586-b238-4a90-a349-bb905e40b34f', 
    'World Bank Group', 'https://www.worldbank.org/', 
    NULL, NULL, NULL, NULL, NULL, NULL, 
    '{financing}', NULL, true, 'development_finance_institution', 
    NULL, 'https://www.linkedin.com/company/the-world-bank/', 
    NULL, NULL, NULL, NULL, '2025-07-25 16:33:09.635223+00', 
    '2025-07-25 16:33:09.635223+00'
  );
INSERT INTO companies 
VALUES 
  (
    '63c760ea-fdd6-4170-b183-ac3e4b29c0ec', 
    'African Development Bank Group', 
    'https://www.afdb.org/', NULL, NULL, 
    NULL, 'CI', NULL, NULL, '{financing}', 
    NULL, true, 'development_finance_institution', 
    NULL, 'https://www.linkedin.com/company/african-development-bank/', 
    NULL, NULL, NULL, NULL, '2025-07-25 16:33:09.635223+00', 
    '2025-07-25 16:33:09.635223+00'
  );
INSERT INTO companies 
VALUES 
  (
    '5154a229-f4d9-48f9-b3b5-97d928e4dda4', 
    'RGREEN INVEST', 'https://www.rgreeninvest.com/', 
    NULL, NULL, NULL, NULL, NULL, NULL, 
    '{financing}', NULL, true, 'private_equity', 
    NULL, 'https://www.linkedin.com/company/rgreen-invest/', 
    NULL, NULL, NULL, NULL, '2025-07-25 16:33:09.635223+00', 
    '2025-07-25 16:33:09.635223+00'
  );
INSERT INTO companies 
VALUES 
  (
    '68f9d751-0395-4193-be8d-6b8acf3f9c1b', 
    'SIMA Funds', 'https://simafunds.com/', 
    NULL, NULL, NULL, NULL, NULL, NULL, 
    '{financing}', NULL, true, 'private_equity', 
    NULL, 'https://www.linkedin.com/company/sima-funds/', 
    NULL, NULL, NULL, NULL, '2025-07-25 16:33:09.635223+00', 
    '2025-07-25 16:33:09.635223+00'
  );
INSERT INTO companies 
VALUES 
  (
    '629e86b9-c9eb-46ac-a06a-1acaada9ca22', 
    'Climate Fund Managers', 'https://www.climatefundmanagers.com/', 
    NULL, NULL, NULL, NULL, NULL, NULL, 
    '{financing}', NULL, true, 'private_equity', 
    NULL, 'https://www.linkedin.com/company/climate-fund-managers/', 
    NULL, NULL, NULL, NULL, '2025-07-25 16:33:09.635223+00', 
    '2025-07-25 16:33:09.635223+00'
  );
INSERT INTO companies 
VALUES 
  (
    'd98eec2e-ecae-4ce2-8a05-d3e47bdb3b5f', 
    'Cygnum Capital', 'https://www.cygnumcapital.com/', 
    NULL, NULL, NULL, NULL, NULL, NULL, 
    '{financing}', NULL, true, 'advisor', 
    NULL, 'https://www.linkedin.com/company/cygnumcapital/', 
    NULL, NULL, NULL, NULL, '2025-07-25 16:33:09.635223+00', 
    '2025-07-25 16:33:09.635223+00'
  );
INSERT INTO companies 
VALUES 
  (
    '1fa7b461-3a51-47d4-ac2e-ca6a84a3e25f', 
    'MPower Ventures AG', 'https://www.mpower.africa/', 
    NULL, NULL, NULL, NULL, NULL, NULL, 
    '{financing}', NULL, true, 'private', 
    NULL, 'https://www.linkedin.com/company/mpower-ventures/', 
    NULL, NULL, NULL, NULL, '2025-07-25 16:33:09.635223+00', 
    '2025-07-25 16:33:09.635223+00'
  );
INSERT INTO companies 
VALUES 
  (
    'a548f3c5-32c5-414c-9242-d2798a377bba', 
    'Renewvia Energy', 'https://www.renewvia.com/', 
    NULL, NULL, NULL, NULL, NULL, NULL, 
    '{financing}', NULL, true, 'private', 
    NULL, 'https://www.linkedin.com/company/renewvia-energy/', 
    NULL, NULL, NULL, NULL, '2025-07-25 16:33:09.635223+00', 
    '2025-07-25 16:33:09.635223+00'
  );
INSERT INTO companies 
VALUES 
  (
    '7ee89a99-5fd9-4e13-9058-d2b06a3e39cb', 
    'Sokodé Energie', NULL, NULL, NULL, 
    NULL, 'TG', NULL, NULL, '{financing}', 
    NULL, true, 'private', NULL, NULL, 
    NULL, NULL, NULL, NULL, '2025-07-25 16:33:09.635223+00', 
    '2025-07-25 16:33:09.635223+00'
  );
INSERT INTO companies 
VALUES 
  (
    'cab981d9-d89f-4c7b-a913-3070b846d871', 
    'Arnergy', 'https://arnergy.com/', 
    NULL, NULL, NULL, 'NG', NULL, NULL, 
    '{financing}', NULL, true, 'private', 
    NULL, 'https://www.linkedin.com/company/arnergy/', 
    NULL, NULL, NULL, NULL, '2025-07-25 16:33:09.635223+00', 
    '2025-07-25 16:33:09.635223+00'
  );
INSERT INTO companies 
VALUES 
  (
    '558858fc-6b25-464e-8bb5-ff8fa8c201c9', 
    'Anzana Electric Group', 'https://www.anzana.com/', 
    NULL, NULL, NULL, 'MU', NULL, NULL, 
    '{financing}', NULL, true, 'private', 
    NULL, 'https://www.linkedin.com/company/anzana-electric/', 
    NULL, NULL, NULL, NULL, '2025-07-25 16:33:09.635223+00', 
    '2025-07-25 16:33:09.635223+00'
  );
INSERT INTO companies 
VALUES 
  (
    '00da657b-52aa-4a82-b41c-ad055a45d824', 
    'Weza Power', 'https://www.weza.energy/', 
    NULL, NULL, NULL, 'BI', NULL, NULL, 
    '{financing}', NULL, true, 'utility', 
    NULL, NULL, NULL, NULL, NULL, NULL, 
    '2025-07-25 16:33:09.635223+00', 
    '2025-07-25 16:33:09.635223+00'
  );
INSERT INTO companies 
VALUES 
  (
    '1ac2293c-38bb-4ca6-b078-dada0a50341f', 
    'Salpha Energy', 'https://salphaenergy.com/', 
    NULL, NULL, NULL, 'NG', NULL, NULL, 
    '{financing}', NULL, true, 'private', 
    NULL, 'https://www.linkedin.com/company/salpha-energy/', 
    NULL, NULL, NULL, NULL, '2025-07-25 16:33:09.635223+00', 
    '2025-07-25 16:33:09.635223+00'
  );
INSERT INTO companies 
VALUES 
  (
    'cfeadec2-34bb-4d12-a7e4-a41ccfa418b4', 
    'Konexa', 'https://konexa.com/', 
    NULL, NULL, NULL, NULL, NULL, NULL, 
    '{financing}', NULL, true, 'private', 
    NULL, 'https://www.linkedin.com/company/konexa/', 
    NULL, NULL, NULL, NULL, '2025-07-25 16:33:09.635223+00', 
    '2025-07-25 16:33:09.635223+00'
  );
INSERT INTO companies 
VALUES 
  (
    '3e7a4b16-80d4-4689-a106-422ead9bd20a', 
    'Wetility', 'https://www.wetility.energy/', 
    NULL, NULL, NULL, 'ZA', NULL, NULL, 
    '{financing}', NULL, true, 'private', 
    NULL, 'https://www.linkedin.com/company/wetility/', 
    NULL, NULL, NULL, NULL, '2025-07-25 16:33:09.635223+00', 
    '2025-07-25 16:33:09.635223+00'
  );
INSERT INTO companies 
VALUES 
  (
    'd9291f02-dbcd-4da4-a1cd-704af015ac46', 
    'KIMS Microfinance', 'https://kimsmfi.com/', 
    NULL, NULL, NULL, 'SO', NULL, NULL, 
    '{financing}', NULL, true, 'advisor', 
    NULL, NULL, NULL, NULL, NULL, NULL, 
    '2025-07-25 16:33:09.635223+00', 
    '2025-07-25 16:33:09.635223+00'
  );
INSERT INTO companies 
VALUES 
  (
    '446c6666-5e2c-427c-a579-12329582472b', 
    'Richards Bay Minerals (RBM)', 
    'https://www.riotinto.com/en/operations/south-africa/richards-bay-minerals', 
    NULL, NULL, NULL, 'ZA', NULL, NULL, 
    '{offtaker}', NULL, true, 'private', 
    NULL, NULL, NULL, NULL, NULL, NULL, 
    '2025-07-25 16:33:09.635223+00', 
    '2025-07-25 16:33:09.635223+00'
  );
INSERT INTO companies 
VALUES 
  (
    'ba7691de-dd57-4060-943a-09888295672b', 
    'Etana Energy', 'https://etanaenergy.com/', 
    NULL, NULL, NULL, 'ZA', NULL, NULL, 
    '{offtaker}', NULL, true, 'private', 
    NULL, 'https://www.linkedin.com/company/etana-energy/', 
    NULL, NULL, NULL, NULL, '2025-07-25 16:33:09.635223+00', 
    '2025-07-25 16:33:09.635223+00'
  );
INSERT INTO companies 
VALUES 
  (
    '58403c43-f286-4fd4-bab5-77240860f2e0', 
    'Tharisa', 'https://www.tharisa.com/', 
    NULL, NULL, NULL, NULL, NULL, NULL, 
    '{offtaker}', NULL, true, 'public', 
    NULL, 'https://www.linkedin.com/company/tharisa-plc/', 
    NULL, NULL, NULL, NULL, '2025-07-25 16:33:09.635223+00', 
    '2025-07-25 16:33:09.635223+00'
  );
INSERT INTO companies 
VALUES 
  (
    '699be9a5-dee4-4ad1-82ff-b15b290882b9', 
    'Khangela Emoyeni Wind Farm (Pty) Ltd', 
    NULL, NULL, NULL, NULL, 'ZA', NULL, 
    NULL, '{offtaker}', NULL, true, 'private', 
    NULL, NULL, NULL, NULL, NULL, NULL, 
    '2025-07-25 16:33:09.635223+00', 
    '2025-07-25 16:33:09.635223+00'
  );
INSERT INTO companies 
VALUES 
  (
    '84fc514f-a517-44b2-b920-f222806f9ace', 
    'Nareva Group', 'https://www.nareva.ma/', 
    NULL, NULL, NULL, 'MA', NULL, NULL, 
    '{offtaker}', NULL, true, 'private', 
    NULL, 'https://www.linkedin.com/company/nareva/', 
    NULL, NULL, NULL, NULL, '2025-07-25 16:33:09.635223+00', 
    '2025-07-25 16:33:09.635223+00'
  );
INSERT INTO companies 
VALUES 
  (
    '2c17eccc-ba29-48b9-897e-71848c7e2dd4', 
    'POWERX', 'https://powerx.co.za/', 
    NULL, NULL, NULL, 'ZA', NULL, NULL, 
    '{offtaker}', NULL, true, 'private', 
    NULL, 'https://www.linkedin.com/company/powerx-pty-ltd/', 
    NULL, NULL, NULL, NULL, '2025-07-25 16:33:09.635223+00', 
    '2025-07-25 16:33:09.635223+00'
  );
INSERT INTO companies 
VALUES 
  (
    'fb4748f1-0d1e-4544-8ff7-cec4f1155876', 
    'GreenCo Power Services', 'https://africagreenco.com/', 
    NULL, NULL, NULL, 'ZM', NULL, NULL, 
    '{offtaker}', NULL, true, 'utility', 
    NULL, 'https://www.linkedin.com/company/africa-greenco/', 
    NULL, NULL, NULL, NULL, '2025-07-25 16:33:09.635223+00', 
    '2025-07-25 16:33:09.635223+00'
  );
INSERT INTO companies 
VALUES 
  (
    'c2294b63-2147-4942-8149-eed5fd81bb35', 
    'First Quantum Minerals (FQM)', 
    'https://www.first-quantum.com/', 
    NULL, NULL, NULL, NULL, NULL, NULL, 
    '{offtaker}', NULL, true, 'public', 
    NULL, 'https://www.linkedin.com/company/first-quantum-minerals/', 
    NULL, NULL, NULL, NULL, '2025-07-25 16:33:09.635223+00', 
    '2025-07-25 16:33:09.635223+00'
  );
INSERT INTO companies 
VALUES 
  (
    '7e1514d8-8515-46d1-92aa-0047c967c64d', 
    'Discovery Green', NULL, NULL, NULL, 
    NULL, 'ZA', NULL, NULL, '{offtaker}', 
    NULL, true, 'private', NULL, NULL, 
    NULL, NULL, NULL, NULL, '2025-07-25 16:33:09.635223+00', 
    '2025-07-25 16:33:09.635223+00'
  );
INSERT INTO companies 
VALUES 
  (
    '6513dbb7-d433-418a-a67e-c2f6c58ba942', 
    'Mzuzu University', 'https://www.mzuni.ac.mw/', 
    NULL, NULL, NULL, 'MW', NULL, NULL, 
    '{offtaker}', NULL, true, 'government', 
    NULL, 'https://www.linkedin.com/school/mzuzu-university/', 
    NULL, NULL, NULL, NULL, '2025-07-25 16:33:09.635223+00', 
    '2025-07-25 16:33:09.635223+00'
  );
INSERT INTO companies 
VALUES 
  (
    '829953ce-7c0d-4f74-9ff1-a6eeb268050f', 
    'Redefine Properties', 'https://www.redefine.co.za/', 
    NULL, NULL, NULL, 'ZA', NULL, NULL, 
    '{offtaker}', NULL, true, 'public', 
    NULL, 'https://www.linkedin.com/company/redefine-properties/', 
    NULL, NULL, NULL, NULL, '2025-07-25 16:33:09.635223+00', 
    '2025-07-25 16:33:09.635223+00'
  );
INSERT INTO companies 
VALUES 
  (
    '8c8487fc-884f-4c62-804a-51bb49ba377e', 
    'NOA Group', 'https://noagroup.africa/', 
    NULL, NULL, NULL, 'ZA', NULL, NULL, 
    '{offtaker}', NULL, true, 'private', 
    NULL, 'https://www.linkedin.com/company/noa-group-africa/', 
    NULL, NULL, NULL, NULL, '2025-07-25 16:33:09.635223+00', 
    '2025-07-25 16:33:09.635223+00'
  );
INSERT INTO companies 
VALUES 
  (
    '220a8e04-08cf-4f48-8159-875853d6f6b3', 
    'AMEA Power', 'https://www.ameapower.com/', 
    NULL, 'AMEA Power is a developer, owner and operator of renewable energy projects in Africa, the Middle East and Asia.', 
    '2016-01-01', NULL, NULL, NULL, '{financing,merger_acquisition,offtaker}', 
    '51-250', true, 'independent_power_producer', 
    NULL, 'https://www.linkedin.com/company/amea-power/', 
    NULL, NULL, NULL, NULL, '2025-07-25 18:55:19.207572+00', 
    '2025-07-25 18:55:19.207572+00'
  );
INSERT INTO companies 
VALUES 
  (
    '57de0973-1074-42e2-a68f-5bde5587ce43', 
    'ACWA Power', 'https://acwapower.com/', 
    NULL, 'ACWA Power is a developer, investor and operator of power generation and desalinated water plants.', 
    '2004-01-01', NULL, NULL, NULL, '{financing,merger_acquisition,offtaker}', 
    '1001-5000', true, 'public', NULL, 
    'https://www.linkedin.com/company/acwa-power/', 
    NULL, NULL, NULL, NULL, '2025-07-25 18:55:19.207572+00', 
    '2025-07-25 18:55:19.207572+00'
  );
INSERT INTO companies 
VALUES 
  (
    '8abe97c0-61bf-4576-a1b4-67839c52996d', 
    'CI-ENERGIES', NULL, NULL, NULL, NULL, 
    'CI', NULL, NULL, NULL, NULL, true, 
    'utility', NULL, NULL, NULL, NULL, 
    NULL, NULL, '2025-07-25 19:04:58.617105+00', 
    '2025-07-25 19:04:58.617105+00'
  );
INSERT INTO companies 
VALUES 
  (
    '833b570a-04fd-425d-9e4c-15cc823a59b9', 
    'Awdal Electric Company', NULL, 
    NULL, NULL, NULL, 'SO', NULL, NULL, 
    NULL, NULL, true, 'utility', NULL, 
    NULL, NULL, NULL, NULL, NULL, '2025-07-25 19:04:58.617105+00', 
    '2025-07-25 19:04:58.617105+00'
  );
INSERT INTO companies 
VALUES 
  (
    '49b126cd-f403-47e5-b140-69990ffa1f86', 
    'Eximbank China', NULL, NULL, NULL, 
    NULL, NULL, NULL, NULL, NULL, NULL, 
    true, 'development_finance_institution', 
    NULL, NULL, NULL, NULL, NULL, NULL, 
    '2025-07-25 19:05:08.164021+00', 
    '2025-07-25 19:05:08.164021+00'
  );
INSERT INTO companies 
VALUES 
  (
    '088b6294-f6e1-4d35-8e90-c2095f791500', 
    'Sinohydro', NULL, NULL, NULL, NULL, 
    NULL, NULL, NULL, NULL, NULL, true, 
    'epc_om', NULL, NULL, NULL, NULL, NULL, 
    NULL, '2025-07-25 19:05:08.164021+00', 
    '2025-07-25 19:05:08.164021+00'
  );
INSERT INTO companies 
VALUES 
  (
    'f58872c5-efd0-4038-afcf-b595bfb2869e', 
    'Ministry of Energy and Minerals (Somalia)', 
    NULL, NULL, NULL, NULL, 'SO', NULL, 
    NULL, NULL, NULL, true, 'government', 
    NULL, NULL, NULL, NULL, NULL, NULL, 
    '2025-07-25 19:05:08.164021+00', 
    '2025-07-25 19:05:08.164021+00'
  );
--
-- Data for Name: employees; Type: TABLE DATA; Schema: public; Owner: postgres
--
INSERT INTO employees 
VALUES 
  (
    'e4b2c1f0-1a2b-3c4d-5e6f-7a8b9c0d1e2f', 
    'Hussain Al Nowais', NULL, NULL, 
    'https://ae.linkedin.com/in/hussain-al-nowais-b03a1733', 
    NULL
  );
INSERT INTO employees 
VALUES 
  (
    'f1a2b3c4-d5e6-f7a8-b9c0-d1e2f3a4b5c6', 
    'Benjamin C. Mugisha', NULL, NULL, 
    'https://www.linkedin.com/in/benjamin-c-mugisha-0a3b3724/', 
    NULL
  );
INSERT INTO employees 
VALUES 
  (
    'a1b2c3d4-e5f6-a7b8-c9d0-e1f2a3b4c5d7', 
    'Terje Pilskog', NULL, NULL, 'https://no.linkedin.com/in/terje-pilskog-447558', 
    NULL
  );
INSERT INTO employees 
VALUES 
  (
    'b1c2d3e4-f5a6-b7c8-d9e0-f1a2b3c4d5e6', 
    'Hassanein Hiridjee', NULL, NULL, 
    'https://www.linkedin.com/in/hassanein-hiridjee-908245159/', 
    NULL
  );
INSERT INTO employees 
VALUES 
  (
    'c1d2e3f4-a5b6-c7d8-e9f0-a1b2c3d4e5f6', 
    'Mike Scholey', NULL, NULL, 'https://uk.linkedin.com/in/mike-scholey-441b8b15', 
    NULL
  );
--
-- Data for Name: companies_employees; Type: TABLE DATA; Schema: public; Owner: postgres
--
INSERT INTO companies_employees 
VALUES 
  (
    '220a8e04-08cf-4f48-8159-875853d6f6b3', 
    'e4b2c1f0-1a2b-3c4d-5e6f-7a8b9c0d1e2f', 
    'Chairman'
  );
INSERT INTO companies_employees 
VALUES 
  (
    'e3129323-e2db-472f-96c1-15d28dc8a048', 
    'f1a2b3c4-d5e6-f7a8-b9c0-d1e2f3a4b5c6', 
    'Managing Director'
  );
INSERT INTO companies_employees 
VALUES 
  (
    '2773f5f3-7efa-4911-987a-12f916782214', 
    'c1d2e3f4-a5b6-c7d8-e9f0-a1b2c3d4e5f6', 
    'CEO'
  );
--
-- Data for Name: companies_operating_countries; Type: TABLE DATA; Schema: public; Owner: postgres
--
INSERT INTO companies_operating_countries 
VALUES 
  (
    '52078d2e-c0de-4f02-bd6c-3ff7b2f6d7f8', 
    'CM'
  );
INSERT INTO companies_operating_countries 
VALUES 
  (
    '52078d2e-c0de-4f02-bd6c-3ff7b2f6d7f8', 
    'LS'
  );
INSERT INTO companies_operating_countries 
VALUES 
  (
    '52078d2e-c0de-4f02-bd6c-3ff7b2f6d7f8', 
    'NG'
  );
INSERT INTO companies_operating_countries 
VALUES 
  (
    '52078d2e-c0de-4f02-bd6c-3ff7b2f6d7f8', 
    'MW'
  );
INSERT INTO companies_operating_countries 
VALUES 
  (
    '52078d2e-c0de-4f02-bd6c-3ff7b2f6d7f8', 
    'ZM'
  );
INSERT INTO companies_operating_countries 
VALUES 
  (
    '52078d2e-c0de-4f02-bd6c-3ff7b2f6d7f8', 
    'CD'
  );
INSERT INTO companies_operating_countries 
VALUES 
  (
    '52078d2e-c0de-4f02-bd6c-3ff7b2f6d7f8', 
    'MG'
  );
INSERT INTO companies_operating_countries 
VALUES 
  (
    '52078d2e-c0de-4f02-bd6c-3ff7b2f6d7f8', 
    'NE'
  );
INSERT INTO companies_operating_countries 
VALUES 
  (
    '52078d2e-c0de-4f02-bd6c-3ff7b2f6d7f8', 
    'SL'
  );
INSERT INTO companies_operating_countries 
VALUES 
  (
    '22c59a5a-3b93-4c14-9a08-e3a165a67020', 
    'CD'
  );
INSERT INTO companies_operating_countries 
VALUES 
  (
    '22c59a5a-3b93-4c14-9a08-e3a165a67020', 
    'NG'
  );
INSERT INTO companies_operating_countries 
VALUES 
  (
    '22c59a5a-3b93-4c14-9a08-e3a165a67020', 
    'SL'
  );
INSERT INTO companies_operating_countries 
VALUES 
  (
    '422536be-b2dc-4abc-88bb-4e14b2809a6b', 
    'ML'
  );
INSERT INTO companies_operating_countries 
VALUES 
  (
    '422536be-b2dc-4abc-88bb-4e14b2809a6b', 
    'SN'
  );
INSERT INTO companies_operating_countries 
VALUES 
  (
    '422536be-b2dc-4abc-88bb-4e14b2809a6b', 
    'MA'
  );
INSERT INTO companies_operating_countries 
VALUES 
  (
    '1fa7b461-3a51-47d4-ac2e-ca6a84a3e25f', 
    'GH'
  );
INSERT INTO companies_operating_countries 
VALUES 
  (
    '1fa7b461-3a51-47d4-ac2e-ca6a84a3e25f', 
    'ZM'
  );
INSERT INTO companies_operating_countries 
VALUES 
  (
    '1fa7b461-3a51-47d4-ac2e-ca6a84a3e25f', 
    'TG'
  );
INSERT INTO companies_operating_countries 
VALUES 
  (
    '2773f5f3-7efa-4911-987a-12f916782214', 
    'ZA'
  );
INSERT INTO companies_operating_countries 
VALUES 
  (
    '2773f5f3-7efa-4911-987a-12f916782214', 
    'KE'
  );
INSERT INTO companies_operating_countries 
VALUES 
  (
    '2773f5f3-7efa-4911-987a-12f916782214', 
    'ZM'
  );
INSERT INTO companies_operating_countries 
VALUES 
  (
    '5fc71a69-a745-44ca-b826-2e643a45edd5', 
    'NA'
  );
INSERT INTO companies_operating_countries 
VALUES 
  (
    '5fc71a69-a745-44ca-b826-2e643a45edd5', 
    'BW'
  );
INSERT INTO companies_operating_countries 
VALUES 
  (
    '5fc71a69-a745-44ca-b826-2e643a45edd5', 
    'ZA'
  );
INSERT INTO companies_operating_countries 
VALUES 
  (
    'e3129323-e2db-472f-96c1-15d28dc8a048', 
    'ZM'
  );
INSERT INTO companies_operating_countries 
VALUES 
  (
    'e3129323-e2db-472f-96c1-15d28dc8a048', 
    'ZA'
  );
INSERT INTO companies_operating_countries 
VALUES 
  (
    'f5fa1286-6053-4966-8e03-e1011f57dc19', 
    'NG'
  );
INSERT INTO companies_operating_countries 
VALUES 
  (
    'f5fa1286-6053-4966-8e03-e1011f57dc19', 
    'CD'
  );
INSERT INTO companies_operating_countries 
VALUES 
  (
    'e3129323-e2db-472f-96c1-15d28dc8a048', 
    'RW'
  );
INSERT INTO companies_operating_countries 
VALUES 
  (
    'e3129323-e2db-472f-96c1-15d28dc8a048', 
    'UG'
  );
INSERT INTO companies_operating_countries 
VALUES 
  (
    'e3129323-e2db-472f-96c1-15d28dc8a048', 
    'MW'
  );
INSERT INTO companies_operating_countries 
VALUES 
  (
    '220a8e04-08cf-4f48-8159-875853d6f6b3', 
    'EG'
  );
INSERT INTO companies_operating_countries 
VALUES 
  (
    '220a8e04-08cf-4f48-8159-875853d6f6b3', 
    'ET'
  );
INSERT INTO companies_operating_countries 
VALUES 
  (
    '220a8e04-08cf-4f48-8159-875853d6f6b3', 
    'CI'
  );
INSERT INTO companies_operating_countries 
VALUES 
  (
    '220a8e04-08cf-4f48-8159-875853d6f6b3', 
    'TG'
  );
INSERT INTO companies_operating_countries 
VALUES 
  (
    '57de0973-1074-42e2-a68f-5bde5587ce43', 
    'EG'
  );
INSERT INTO companies_operating_countries 
VALUES 
  (
    '57de0973-1074-42e2-a68f-5bde5587ce43', 
    'MA'
  );
INSERT INTO companies_operating_countries 
VALUES 
  (
    '57de0973-1074-42e2-a68f-5bde5587ce43', 
    'ZA'
  );
--
-- Data for Name: companies_sectors; Type: TABLE DATA; Schema: public; Owner: postgres
--
INSERT INTO companies_sectors 
VALUES 
  (
    'e3129323-e2db-472f-96c1-15d28dc8a048', 
    'hydro'
  );
INSERT INTO companies_sectors 
VALUES 
  (
    'e3129323-e2db-472f-96c1-15d28dc8a048', 
    'wind'
  );
INSERT INTO companies_sectors 
VALUES 
  (
    'e3129323-e2db-472f-96c1-15d28dc8a048', 
    'solar'
  );
INSERT INTO companies_sectors 
VALUES 
  (
    '7c069843-15ec-46a9-b12a-8fa6ab9adde3', 
    'battery'
  );
INSERT INTO companies_sectors 
VALUES 
  (
    '7c069843-15ec-46a9-b12a-8fa6ab9adde3', 
    'wind'
  );
INSERT INTO companies_sectors 
VALUES 
  (
    '7c069843-15ec-46a9-b12a-8fa6ab9adde3', 
    'solar'
  );
INSERT INTO companies_sectors 
VALUES 
  (
    '5fc71a69-a745-44ca-b826-2e643a45edd5', 
    'solar'
  );
INSERT INTO companies_sectors 
VALUES 
  (
    'fb8184ad-3e37-4a11-8545-7ea1b3798375', 
    'wind'
  );
INSERT INTO companies_sectors 
VALUES 
  (
    'fb8184ad-3e37-4a11-8545-7ea1b3798375', 
    'solar'
  );
INSERT INTO companies_sectors 
VALUES 
  (
    'ad7e8dce-428d-4d15-b14f-f55f95a30c51', 
    'solar'
  );
INSERT INTO companies_sectors 
VALUES 
  (
    'ad7e8dce-428d-4d15-b14f-f55f95a30c51', 
    'battery'
  );
INSERT INTO companies_sectors 
VALUES 
  (
    '2ae5e436-3bd9-4c38-8c90-8369c416c7e7', 
    'solar'
  );
INSERT INTO companies_sectors 
VALUES 
  (
    '2ff5acf5-91fe-4b49-b3d7-7463b7c6f8cb', 
    'telecom'
  );
INSERT INTO companies_sectors 
VALUES 
  (
    '8226071f-8a05-4060-b0aa-0b18fa47ec39', 
    'oil_gas'
  );
INSERT INTO companies_sectors 
VALUES 
  (
    'a98ff530-385a-433f-90c4-0bd4d87a6344', 
    'hydrogen'
  );
--
-- Data for Name: companies_technologies; Type: TABLE DATA; Schema: public; Owner: postgres
--
INSERT INTO companies_technologies 
VALUES 
  (
    'e3129323-e2db-472f-96c1-15d28dc8a048', 
    'small_hydro'
  );
INSERT INTO companies_technologies 
VALUES 
  (
    'e3129323-e2db-472f-96c1-15d28dc8a048', 
    'onshore_wind'
  );
INSERT INTO companies_technologies 
VALUES 
  (
    'e3129323-e2db-472f-96c1-15d28dc8a048', 
    'photovoltaic'
  );
INSERT INTO companies_technologies 
VALUES 
  (
    '7c069843-15ec-46a9-b12a-8fa6ab9adde3', 
    'bess'
  );
INSERT INTO companies_technologies 
VALUES 
  (
    '7c069843-15ec-46a9-b12a-8fa6ab9adde3', 
    'onshore_wind'
  );
INSERT INTO companies_technologies 
VALUES 
  (
    '7c069843-15ec-46a9-b12a-8fa6ab9adde3', 
    'photovoltaic'
  );
INSERT INTO companies_technologies 
VALUES 
  (
    '5fc71a69-a745-44ca-b826-2e643a45edd5', 
    'photovoltaic'
  );
INSERT INTO companies_technologies 
VALUES 
  (
    'fb8184ad-3e37-4a11-8545-7ea1b3798375', 
    'onshore_wind'
  );
INSERT INTO companies_technologies 
VALUES 
  (
    'fb8184ad-3e37-4a11-8545-7ea1b3798375', 
    'photovoltaic'
  );
INSERT INTO companies_technologies 
VALUES 
  (
    'ad7e8dce-428d-4d15-b14f-f55f95a30c51', 
    'photovoltaic'
  );
INSERT INTO companies_technologies 
VALUES 
  (
    'ad7e8dce-428d-4d15-b14f-f55f95a30c51', 
    'bess'
  );
INSERT INTO companies_technologies 
VALUES 
  (
    '2ae5e436-3bd9-4c38-8c90-8369c416c7e7', 
    'solar_home_systems'
  );
--
-- Data for Name: deals; Type: TABLE DATA; Schema: public; Owner: postgres
--
INSERT INTO deals 
VALUES 
  (
    '3f1a2b3c-4d5e-6f7a-8b9c-0d1e2f3a4b5c', 
    'Gaia Renewables 1 announces the acquisition of stakes in three renewable energy plants in South Africa', 
    'merger_acquisition', 'asset', 38.40, 
    'USD', '2025-03-19', '{}', NULL, 'Gaia Renewables 1, listed on the Cape Town Stock Exchange, has announced the acquisition of minority stakes in three high-quality renewable energy assets: a 10% stake in both the Linde and Kalkbult solar PV plants and a 21% stake in the Jeffreys Bay Wind Farm.', 
    NULL, 'This move significantly enhances Gaia’s renewable energy portfolio and deepens its role in South Africa’s energy transition. The assets were developed under South Africa’s first and second REIPPPP rounds.', 
    'https://www.linkedin.com/pulse/gaia-renewables-1-announces-acquisition-stakes-three-energy-werner-p-harnisch-phd-cfa-caia-esg-cipm--z7xdf', 
    '2025-03-19', NULL, NULL, '2025-07-25 18:35:30.473873+00', 
    '2025-07-25 18:35:30.473873+00'
  );
INSERT INTO deals 
VALUES 
  (
    'a1b2c3d4-e5f6-a7b8-c9d0-e1f2a3b4c5d6', 
    'Eritrean government secures the first tranche of a loan from the AfDB to develop the 30 MW Dekemhare solar photovoltaic power plant.', 
    'financing', 'debt', 20.00, 'USD', 
    '2025-03-11', '{}', NULL, 'The African Development Bank (AfDB) approved a $20 million loan to finance the 30MW Dekemhare solar photovoltaic (PV) power plant in Eritrea. The project includes 30MW of battery storage and a 66kV transmission line.', 
    NULL, 'This project aims to enhance Eritrea''s renewable energy infrastructure, reduce power shortages, and support the national ambition of universal electricity access by 2030.', 
    NULL, '2025-03-11', NULL, NULL, '2025-07-25 18:35:30.473873+00', 
    '2025-07-25 18:35:30.473873+00'
  );
INSERT INTO deals 
VALUES 
  (
    '1a2b3c4d-5e6f-7a8b-9c0d-1e2f3a4b5c6d', 
    'Saint-Gobain Sekurit Maroc Signs Long-Term Wind Power Agreement with Nareva Group', 
    'power_purchase_agreement', 'ppa_corporate', NULL,
    'USD', '2025-04-22', '{}', NULL, 'Saint-Gobain Sekurit Maroc entered a 20-year Power Purchase Agreement (PPA) with Nareva to supply wind-generated electricity to its Kenitra manufacturing facility.', 
    'The deal will deliver 35 GWh of clean energy annually and is expected to offset 25,000 tonnes/year of CO2.', 
    'This PPA covers up to 90% of the plant’s electricity needs, advancing Saint-Gobain''s climate action roadmap. An additional onsite rooftop solar PV installation is planned to bring total renewable share to ~95%.', 
    NULL, '2025-04-22', NULL, NULL, '2025-07-25 18:35:30.473873+00', 
    '2025-07-25 18:35:30.473873+00'
  );
INSERT INTO deals 
VALUES 
  (
    'f1e2d3c4-b5a6-9876-5432-1fedcba98765', 
    'EDF, Axian, and Africa50 Join Forces for 120 MW Volobe Hydropower Project in Madagascar', 
    'joint_venture', 'strategic_partnership_agreement', 
    700.00, 'USD', '2025-04-23', '{}', 
    NULL, 'EDF, Axian Group, and Africa50 have formed a partnership to develop, build, and operate the 120 MW Volobe Hydropower Project on the Ivondro River in Madagascar.', 
    NULL, 'Backed by strong political and international financial support, including a World Bank guarantee, the project aims to significantly boost Madagascar’s energy capacity and access, where the national electrification rate is only 15%.', 
    NULL, '2025-04-23', NULL, NULL, '2025-07-25 18:35:30.473873+00', 
    '2025-07-25 18:35:30.473873+00'
  );
INSERT INTO deals 
VALUES 
  (
    'f5ad07ec-526e-490e-b8b9-fcdd9c1d0e1e', 
    'Cox Energy''s Acquisition of Khi Solar One', 
    'merger_acquisition', 'asset', NULL, 
    'USD', '2024-12-02', '{}', NULL, NULL, 
    NULL, NULL, NULL, NULL, NULL, NULL, 
    '2025-07-25 19:16:38.501524+00', 
    '2025-07-25 19:16:38.501524+00'
  );
--
-- Data for Name: deal_financials; Type: TABLE DATA; Schema: public; Owner: postgres
--
INSERT INTO deal_financials 
VALUES 
  (
    'f5ad07ec-526e-490e-b8b9-fcdd9c1d0e1e', 
    2023, 100.00, 22.00, NULL, NULL
  );
--
-- Data for Name: projects; Type: TABLE DATA; Schema: public; Owner: postgres
--
INSERT INTO projects 
VALUES 
  (
    'd87ea158-cb98-439f-a880-bf67d23a4889', 
    'Doornhoek Solar Power Station', 
    NULL, NULL, NULL, 'ZA', NULL, 120.00, 
    120.00, 'ready_to_build', 'financial_closing', 
    true, true, true, '{generation}', 
    'purchasing_power_agreement', 20, 
    NULL, NULL, NULL, '{"debt": 90, "equity": 10, "grants": 0}', 
    NULL, 'SDG 7, SDG 13, SDG 8. 325 GWh/Year of clean energy generated, 97000 South African homes powered and 300000 tons CO2 emissions offset', 
    'This project is part of South Africa''s Renewable Energy Independent Power Producer Procurement (REIPPP) programme and aims to diversify the energy mix. It strengthens AMEA Power''s footprint in the South African market.', 
    'Greenfield (PPP)', NULL, NULL, '2026-05-01', 
    '2025-07-25 17:42:19.643525+00', 
    '2025-07-25 17:42:19.643525+00'
  );
INSERT INTO projects 
VALUES 
  (
    '04f36a70-276d-4d24-b2ab-b41859ededab', 
    'Borama Solar Project', NULL, NULL, 
    NULL, 'SO', NULL, NULL, 8.00, 'proposal', 
    'call_for_tender', true, true, true, 
    '{generation,storage}', NULL, NULL, 
    true, 20.00, NULL, '{"debt": 50, "equity": 50, "grants": 0}', 
    true, NULL, 'Tender launched by the Ministry of Energy and Minerals in Somaliland for an 8 MW Solar PV plant with a significant 20 MWh Battery Storage System in Borama.', 
    NULL, NULL, NULL, NULL, '2025-07-25 17:42:19.643525+00', 
    '2025-07-25 17:42:19.643525+00'
  );
INSERT INTO projects 
VALUES 
  (
    '3b98075d-cd3c-402a-a885-3a0db93712e5', 
    'Gribo-Popoli hydroelectric power plant', 
    NULL, NULL, NULL, 'CI', NULL, 403.00, 
    112.00, 'operational', 'commissioning', 
    true, true, NULL, '{generation,transmission}', 
    NULL, NULL, NULL, NULL, NULL, '{"debt": 70, "equity": 30, "grants": 0}', 
    true, 'SDG 7. Produces 580 GWh of clean energy annually.', 
    'Key project for Côte d’Ivoire’s ambition to be a regional energy leader.', 
    'Greenfield (Public)', '2021-08-05', 
    NULL, '2025-05-02', '2025-07-25 18:55:19.207572+00', 
    '2025-07-25 18:55:19.207572+00'
  );
INSERT INTO projects 
VALUES 
  (
    '23586aef-fe8d-4e9d-9f38-9da6361abb92', 
    'Mogobe Battery Energy Storage project', 
    NULL, NULL, NULL, 'ZA', NULL, 170.00, 
    103.00, 'ready_to_build', 'financial_closing', 
    true, true, NULL, '{storage}', 'purchasing_power_agreement', 
    15, NULL, NULL, NULL, '{"debt": 90, "equity": 10, "grants": 0}', 
    NULL, NULL, NULL, 'Greenfield (PPP)', 
    NULL, NULL, '2026-01-01', '2025-07-25 18:55:19.207572+00', 
    '2025-07-25 18:55:19.207572+00'
  );
INSERT INTO projects 
VALUES 
  (
    '6f84e470-18d6-420a-8820-f822f5280332', 
    'Linde Solar PV Plant', NULL, NULL, 
    NULL, 'ZA', NULL, NULL, 40.00, 'operational', 
    NULL, NULL, NULL, NULL, NULL, NULL, 
    NULL, NULL, NULL, NULL, NULL, NULL, 
    NULL, NULL, NULL, NULL, NULL, NULL, 
    '2025-07-25 19:16:38.501524+00', 
    '2025-07-25 19:16:38.501524+00'
  );
INSERT INTO projects 
VALUES 
  (
    'f5b2176e-2837-485b-8f28-58319b0a928d', 
    'Kalkbult Solar PV Plant', NULL, 
    NULL, NULL, 'ZA', NULL, NULL, 75.00, 
    'operational', NULL, NULL, NULL, NULL, 
    NULL, NULL, NULL, NULL, NULL, NULL, 
    NULL, NULL, NULL, NULL, NULL, NULL, 
    NULL, NULL, '2025-07-25 19:16:38.501524+00', 
    '2025-07-25 19:16:38.501524+00'
  );
INSERT INTO projects 
VALUES 
  (
    '787bc079-e979-4a25-b24c-65028cedc313', 
    'Jeffreys Bay Wind Farm', NULL, 
    NULL, NULL, 'ZA', NULL, NULL, 138.00, 
    'operational', NULL, NULL, NULL, NULL, 
    NULL, NULL, NULL, NULL, NULL, NULL, 
    NULL, NULL, NULL, NULL, NULL, NULL, 
    NULL, NULL, '2025-07-25 19:16:38.501524+00', 
    '2025-07-25 19:16:38.501524+00'
  );
INSERT INTO projects 
VALUES 
  (
    'ec1a45f9-da5b-4719-80ec-9fb76da72aa3', 
    'Khi Solar One', NULL, NULL, NULL, 
    'ZA', NULL, NULL, 50.00, 'operational', 
    NULL, NULL, NULL, NULL, NULL, NULL, 
    NULL, NULL, NULL, NULL, NULL, NULL, 
    NULL, NULL, NULL, NULL, NULL, NULL, 
    '2025-07-25 19:16:38.501524+00', 
    '2025-07-25 19:16:38.501524+00'
  );
INSERT INTO projects 
VALUES 
  (
    'ad5c61c3-a030-4d8f-8ccf-fc4ae148af04', 
    'Dekemhare Solar Plant', NULL, NULL, 
    NULL, 'ER', NULL, NULL, 30.00, 'in_development', 
    NULL, NULL, NULL, NULL, NULL, NULL, 
    NULL, NULL, NULL, NULL, NULL, NULL, 
    NULL, NULL, NULL, NULL, NULL, NULL, 
    '2025-07-25 19:16:38.501524+00', 
    '2025-07-25 19:16:38.501524+00'
  );
INSERT INTO projects 
VALUES 
  (
    '2bf9b78d-ae87-4b24-8e7a-3185fd422274', 
    'Volobe Hydropower Project', NULL, 
    NULL, NULL, 'MG', NULL, NULL, 120.00, 
    'early_stage', NULL, NULL, NULL, NULL, 
    NULL, NULL, NULL, NULL, NULL, NULL, 
    NULL, NULL, NULL, NULL, NULL, NULL, 
    NULL, NULL, '2025-07-25 19:16:38.501524+00', 
    '2025-07-25 19:16:38.501524+00'
  );
--
-- Data for Name: deals_assets; Type: TABLE DATA; Schema: public; Owner: postgres
--
INSERT INTO deals_assets 
VALUES 
  (
    '3f1a2b3c-4d5e-6f7a-8b9c-0d1e2f3a4b5c', 
    '6f84e470-18d6-420a-8820-f822f5280332', 
    NULL, 10.00
  );
INSERT INTO deals_assets 
VALUES 
  (
    '3f1a2b3c-4d5e-6f7a-8b9c-0d1e2f3a4b5c', 
    'f5b2176e-2837-485b-8f28-58319b0a928d', 
    NULL, 10.00
  );
INSERT INTO deals_assets 
VALUES 
  (
    '3f1a2b3c-4d5e-6f7a-8b9c-0d1e2f3a4b5c', 
    '787bc079-e979-4a25-b24c-65028cedc313', 
    NULL, 21.00
  );
INSERT INTO deals_assets 
VALUES 
  (
    'a1b2c3d4-e5f6-a7b8-c9d0-e1f2a3b4c5d6', 
    'ad5c61c3-a030-4d8f-8ccf-fc4ae148af04', 
    NULL, NULL
  );
INSERT INTO deals_assets 
VALUES 
  (
    'f1e2d3c4-b5a6-9876-5432-1fedcba98765', 
    '2bf9b78d-ae87-4b24-8e7a-3185fd422274', 
    NULL, NULL
  );
INSERT INTO deals_assets 
VALUES 
  (
    'f5ad07ec-526e-490e-b8b9-fcdd9c1d0e1e', 
    'ec1a45f9-da5b-4719-80ec-9fb76da72aa3', 
    NULL, 51.00
  );
--
-- Data for Name: deals_companies; Type: TABLE DATA; Schema: public; Owner: postgres
--
INSERT INTO deals_companies 
VALUES 
  (
    '3f1a2b3c-4d5e-6f7a-8b9c-0d1e2f3a4b5c', 
    '1770b174-1d2b-45c2-a3d4-f0ab41181956', 
    'buyer', NULL, NULL, NULL
  );
INSERT INTO deals_companies 
VALUES 
  (
    '3f1a2b3c-4d5e-6f7a-8b9c-0d1e2f3a4b5c', 
    '73370aaf-37a3-4e2d-aa72-a1ddafd73445', 
    'seller', NULL, NULL, NULL
  );
INSERT INTO deals_companies 
VALUES 
  (
    'a1b2c3d4-e5f6-a7b8-c9d0-e1f2a3b4c5d6', 
    '63c760ea-fdd6-4170-b183-ac3e4b29c0ec', 
    'investor', NULL, 'development_finance_institution', 
    20.00
  );
INSERT INTO deals_companies 
VALUES 
  (
    '1a2b3c4d-5e6f-7a8b-9c0d-1e2f3a4b5c6d', 
    '84fc514f-a517-44b2-b920-f222806f9ace', 
    'supplier', NULL, NULL, NULL
  );
--
-- Data for Name: deals_countries; Type: TABLE DATA; Schema: public; Owner: postgres
--
INSERT INTO deals_countries 
VALUES 
  (
    '3f1a2b3c-4d5e-6f7a-8b9c-0d1e2f3a4b5c', 
    'ZA'
  );
INSERT INTO deals_countries 
VALUES 
  (
    'a1b2c3d4-e5f6-a7b8-c9d0-e1f2a3b4c5d6', 
    'ER'
  );
INSERT INTO deals_countries 
VALUES 
  (
    '1a2b3c4d-5e6f-7a8b-9c0d-1e2f3a4b5c6d', 
    'MA'
  );
INSERT INTO deals_countries 
VALUES 
  (
    'f1e2d3c4-b5a6-9876-5432-1fedcba98765', 
    'MG'
  );
--
-- Data for Name: deals_sectors; Type: TABLE DATA; Schema: public; Owner: postgres
--
INSERT INTO deals_sectors 
VALUES 
  (
    '3f1a2b3c-4d5e-6f7a-8b9c-0d1e2f3a4b5c', 
    'solar'
  );
INSERT INTO deals_sectors 
VALUES 
  (
    '3f1a2b3c-4d5e-6f7a-8b9c-0d1e2f3a4b5c', 
    'wind'
  );
INSERT INTO deals_sectors 
VALUES 
  (
    'a1b2c3d4-e5f6-a7b8-c9d0-e1f2a3b4c5d6', 
    'solar'
  );
INSERT INTO deals_sectors 
VALUES 
  (
    'a1b2c3d4-e5f6-a7b8-c9d0-e1f2a3b4c5d6', 
    'battery'
  );
INSERT INTO deals_sectors 
VALUES 
  (
    '1a2b3c4d-5e6f-7a8b-9c0d-1e2f3a4b5c6d', 
    'wind'
  );
INSERT INTO deals_sectors 
VALUES 
  (
    'f1e2d3c4-b5a6-9876-5432-1fedcba98765', 
    'hydro'
  );
--
-- Data for Name: deals_technologies; Type: TABLE DATA; Schema: public; Owner: postgres
--
INSERT INTO deals_technologies 
VALUES 
  (
    '3f1a2b3c-4d5e-6f7a-8b9c-0d1e2f3a4b5c', 
    'photovoltaic'
  );
INSERT INTO deals_technologies 
VALUES 
  (
    '3f1a2b3c-4d5e-6f7a-8b9c-0d1e2f3a4b5c', 
    'onshore_wind'
  );
INSERT INTO deals_technologies 
VALUES 
  (
    '1a2b3c4d-5e6f-7a8b-9c0d-1e2f3a4b5c6d', 
    'onshore_wind'
  );
--
-- Data for Name: financing; Type: TABLE DATA; Schema: public; Owner: postgres
--
INSERT INTO financing 
VALUES 
  (
    'a1b2c3d4-e5f6-a7b8-c9d0-e1f2a3b4c5d6', 
    NULL, 'asset', '{debt}', '{loan}'
  );
--
-- Data for Name: joint_ventures; Type: TABLE DATA; Schema: public; Owner: postgres
--
INSERT INTO joint_ventures 
VALUES 
  (
    'f1e2d3c4-b5a6-9876-5432-1fedcba98765', 
    '{develop,build,operate}'
  );
--
-- Data for Name: mergers_acquisitions; Type: TABLE DATA; Schema: public; Owner: postgres
--
INSERT INTO mergers_acquisitions 
VALUES 
  (
    '3f1a2b3c-4d5e-6f7a-8b9c-0d1e2f3a4b5c', 
    'announced', NULL, NULL, 'acquisition', 
    '{minority_stake}', '{debt,equity}', 
    'Enhance renewable energy portfolio and deepen role in South Africa’s energy transition.'
  );
--
-- Data for Name: power_purchase_agreements; Type: TABLE DATA; Schema: public; Owner: postgres
--
INSERT INTO power_purchase_agreements 
VALUES 
  (
    '1a2b3c4d-5e6f-7a8b-9c0d-1e2f3a4b5c6d', 
    20, true, NULL, 35.00, false, NULL, 
    '2025-03-01'
  );
--
-- Data for Name: project_details; Type: TABLE DATA; Schema: public; Owner: postgres
--
INSERT INTO project_details 
VALUES 
  (
    '3b98075d-cd3c-402a-a885-3a0db93712e5', 
    '225 KV transmission line', NULL, 
    NULL, true, true
  );
--
-- Data for Name: projects_companies; Type: TABLE DATA; Schema: public; Owner: postgres
--
INSERT INTO projects_companies 
VALUES 
  (
    'd87ea158-cb98-439f-a880-bf67d23a4889', 
    '220a8e04-08cf-4f48-8159-875853d6f6b3', 
    'sponsor', NULL
  );
INSERT INTO projects_companies 
VALUES 
  (
    '3b98075d-cd3c-402a-a885-3a0db93712e5', 
    '8abe97c0-61bf-4576-a1b4-67839c52996d', 
    'sponsor', NULL
  );
INSERT INTO projects_companies 
VALUES 
  (
    '3b98075d-cd3c-402a-a885-3a0db93712e5', 
    '8abe97c0-61bf-4576-a1b4-67839c52996d', 
    'operations_maintenance', NULL
  );
INSERT INTO projects_companies 
VALUES 
  (
    '3b98075d-cd3c-402a-a885-3a0db93712e5', 
    '49b126cd-f403-47e5-b140-69990ffa1f86', 
    'lender', NULL
  );
INSERT INTO projects_companies 
VALUES 
  (
    '3b98075d-cd3c-402a-a885-3a0db93712e5', 
    '088b6294-f6e1-4d35-8e90-c2095f791500', 
    'contractor', NULL
  );
INSERT INTO projects_companies 
VALUES 
  (
    '04f36a70-276d-4d24-b2ab-b41859ededab', 
    'f58872c5-efd0-4038-afcf-b595bfb2869e', 
    'procurement_officer', NULL
  );
INSERT INTO projects_companies 
VALUES 
  (
    '04f36a70-276d-4d24-b2ab-b41859ededab', 
    '833b570a-04fd-425d-9e4c-15cc823a59b9', 
    'grid_operator', NULL
  );
--
-- Data for Name: projects_sectors; Type: TABLE DATA; Schema: public; Owner: postgres
--
INSERT INTO projects_sectors 
VALUES 
  (
    'd87ea158-cb98-439f-a880-bf67d23a4889', 
    'solar'
  );
INSERT INTO projects_sectors 
VALUES 
  (
    '04f36a70-276d-4d24-b2ab-b41859ededab', 
    'solar'
  );
INSERT INTO projects_sectors 
VALUES 
  (
    '3b98075d-cd3c-402a-a885-3a0db93712e5', 
    'hydro'
  );
INSERT INTO projects_sectors 
VALUES 
  (
    '23586aef-fe8d-4e9d-9f38-9da6361abb92', 
    'battery'
  );
--
-- Data for Name: projects_technologies; Type: TABLE DATA; Schema: public; Owner: postgres
--
INSERT INTO projects_technologies 
VALUES 
  (
    'd87ea158-cb98-439f-a880-bf67d23a4889', 
    'photovoltaic'
  );
INSERT INTO projects_technologies 
VALUES 
  (
    '04f36a70-276d-4d24-b2ab-b41859ededab', 
    'photovoltaic'
  );
INSERT INTO projects_technologies 
VALUES 
  (
    '3b98075d-cd3c-402a-a885-3a0db93712e5', 
    'large_hydro'
  );
INSERT INTO projects_technologies 
VALUES 
  (
    '23586aef-fe8d-4e9d-9f38-9da6361abb92', 
    'bess'
  );
--
-- Data for Name: proposals; Type: TABLE DATA; Schema: public; Owner: postgres
--
INSERT INTO proposals 
VALUES 
  (
    '04f36a70-276d-4d24-b2ab-b41859ededab', 
    'design', '2025-06-14', '{"financial": 20, "technical": 80}', 
    NULL, NULL
  );
--
-- PostgreSQL database dump complete
--

CREATE UNIQUE INDEX ON deals_by_month_and_type (month, deal_type);
CREATE UNIQUE INDEX ON deals_by_month (month);
CREATE UNIQUE INDEX ON financing_deals_by_month_and_type (month, financing_type);
CREATE UNIQUE INDEX ON ppa_deals_by_offtaker_sector (offtaker_sector);
CREATE UNIQUE INDEX ON ppa_deals_by_subtype (subtype);
CREATE UNIQUE INDEX ON ppa_deals_by_duration (duration);
CREATE UNIQUE INDEX ON projects_by_month_and_sector (month, sector);
CREATE UNIQUE INDEX ON projects_by_month_and_stage (month, project_stage);

REFRESH MATERIALIZED VIEW CONCURRENTLY deals_by_month_and_type;
REFRESH MATERIALIZED VIEW CONCURRENTLY deals_by_month;
REFRESH MATERIALIZED VIEW CONCURRENTLY financing_deals_by_month_and_type;
REFRESH MATERIALIZED VIEW CONCURRENTLY ppa_deals_by_offtaker_sector;
REFRESH MATERIALIZED VIEW CONCURRENTLY ppa_deals_by_subtype;
REFRESH MATERIALIZED VIEW CONCURRENTLY ppa_deals_by_duration;
REFRESH MATERIALIZED VIEW CONCURRENTLY projects_by_month_and_sector;
REFRESH MATERIALIZED VIEW CONCURRENTLY projects_by_month_and_stage;
